Loss Type,Alpha,Pearson Correlation,Entropy,Active Neurons
Entropy,0.5,0.28009192276096817,0.71358836,1.2753206342645218
Entropy,1,0.46753359931523786,0.029189479,1.0018512777529
Entropy,5,0.43867200435321446,0.015466714,1.0007601070120447
