Loss Type,Alpha,Pearson Correlation,Entropy,Active Neurons
Entropy,1,0.43433697525647474,0.07290211,1.005534313894343
Entropy,5,0.472756344648229,0.038819067,1.0017291860425064
Entropy,10,0.561803096177238,0.09766397,1.0059235529835922
