Loss Type,Alpha,Pearson Correlation,Entropy,Active Neurons
Entropy,0.5,0.29549584640010806,0.7153433,1.2754882711584168
Entropy,0.5,0.2552917149167926,0.7119256,1.270651678856701
Entropy,0.5,0.2187639891678391,0.6353135,1.2291837461104795
