Loss Type,Beta,Pearson Correlation,Entropy,Active Neurons
Beta,1,0.2818607542970619,0.7152464,1.270994224564546
Beta,1,0.24850441114881594,0.6843259,1.2521488523761957
