Loss Type,Beta,Pearson Correlation,Entropy,Active Neurons
Beta,1,0.2818607542970619,0.7152464,1.270994224564546
Beta,1,0.24850441114881594,0.6843259,1.2521488523761957
Beta,1,0.2698960902389789,0.70751065,1.2640361452699986
Beta,1,0.2395191980654571,0.69706285,1.25796026469789
Beta,1,0.25959324311954557,0.7071282,1.2628668970717125
