Loss Type,Alpha,Pearson Correlation,Entropy,Active Neurons
TotalVariation,5,0.29121411525948027,0.7191542,1.2710573754492325
TotalVariation,100,0.2728805409384103,0.7092813,1.2652660134929028
TotalVariation,1000,0.31095706307023896,0.72941786,1.2751430463221307
