Loss Type,Alpha,Pearson Correlation,Entropy,Active Neurons
Pearson,1,0.6007479041442215,0.8920933,1.4085923217550274
Pearson,1,0.6112488246738342,0.8909278,1.3884826325411335
